年级,类别,题目
6,成语,谨言慎行
6,成语,穷兵黩武
6,成语,晶莹剔透
6,成语,漫不经心
6,成语,各执己见
6,成语,怨天尤人
6,成语,鬼鬼祟祟
6,成语,悬崖陡壁
6,成语,一筹莫展
6,成语,寡不敌众
6,成语,沉默寡言
6,成语,奉公守法
6,成语,见风使舵
6,成语,信誓旦旦
6,成语,只字不提
6,成语,神机妙算
6,成语,上吐下泻
6,成语,英雄豪杰
6,成语,无与伦比
6,成语,不胜枚举
6,成语,为非作歹
6,成语,品学兼优
6,成语,价廉物美
6,成语,众所周知
6,成语,赖以生存
6,成语,仓皇失措
6,成语,富丽堂皇
6,成语,不拘小节
6,成语,左顾右盼
6,成语,身怀六甲
6,成语,不知不觉
6,成语,不耻下问
6,成语,失魂落魄
6,成语,对症下药
6,成语,自甘堕落
6,成语,无动于衷
6,成语,时至今日
6,成语,名列前茅
6,成语,足智多谋
6,成语,专心致志
6,成语,后悔莫及
6,成语,在所难免
6,成语,长途跋涉
6,成语,蠢蠢欲动
6,成语,年复一年
6,成语,踌躇不前
6,成语,不欢而散
6,词语,漫长
6,词语,执行
6,词语,拉扯
6,词语,牵扯
6,词语,尤为
6,词语,挣扎
6,词语,佳肴
6,词语,陡直
6,词语,警惕
6,词语,恐怖
6,词语,宿命
6,词语,留宿
6,词语,怯懦
6,词语,懦弱
6,词语,步伐
6,词语,讨伐
6,词语,隐蔽
6,词语,蒙蔽
6,词语,作祟
6,词语,仍然
6,词语,仍旧
6,词语,妒忌
6,词语,嫉妒
6,词语,奸贼
6,词语,奸计
6,词语,缺乏
6,词语,疲乏
6,词语,惩处
6,词语,惩罚
6,词语,筹备
6,词语,侍从
6,词语,侍奉
6,词语,贸然
6,词语,贸易
6,词语,诈骗
6,词语,狡诈
6,词语,奉命
6,词语,舵手
6,词语,鱼饵
6,词语,钓饵
6,词语,源泉
6,词语,喷泉
6,词语,感慨
6,词语,慷慨
6,词语,沟渠
6,词语,渠道
6,词语,浑浊
6,词语,污浊
6,词语,概率
6,词语,大概
6,词语,远赴
6,词语,赴约
6,词语,出版
6,词语,绝版
6,词语,估计
6,词语,低估
6,词语,报案
6,词语,答案
6,词语,入狱
6,词语,监狱
6,词语,撬锁
6,词语,校徽
6,词语,粗鲁
6,词语,莽撞
6,词语,英俊
6,词语,跛脚
6,词语,倒霉
6,词语,隧道
6,词语,澄清
6,词语,歹徒
6,词语,时辰
6,词语,诞辰
6,词语,斥责
6,词语,同党
6,词语,党派
6,词语,焚烧
6,词语,霸占
6,词语,占据
6,词语,繁衍
6,词语,资源
6,词语,资格
6,词语,宰割
6,词语,啃食
6,词语,耕耘
6,词语,耗时
6,词语,擅于
6,词语,擅长
6,词语,廉价
5,词语,即将
5,词语,即使
5,词语,毒液
5,词语,液体
5,词语,生肖
5,词语,肖像
5,词语,渺小
5,词语,渺茫
5,词语,辩驳
5,词语,辩论
5,词语,控诉
5,词语,指控
5,词语,白昼
5,词语,莫大
5,词语,莫非
5,词语,土壤
5,词语,空隙
5,词语,蒙面
5,词语,蒙蔽
5,词语,丧失
5,词语,疏松
5,词语,疏忽
5,词语,不赖
5,词语,依赖
5,词语,跨年
5,词语,理睬
5,词语,踪影
5,词语,闲着
5,词语,空闲
5,词语,窃喜
5,词语,偷窃
5,词语,拐弯
5,词语,拐杖
5,词语,分岔
5,词语,兜风
5,词语,闯荡
5,词语,闯祸
5,词语,惊喜
5,词语,侥幸
5,词语,羞惭
5,词语,惭愧
5,词语,假期
5,词语,唯一
5,词语,唯有
5,词语,消遣
5,词语,遣送
5,词语,极其
5,词语,积极
5,词语,炭灰
5,词语,食盐
5,词语,批发
5,词语,批改
5,词语,惹怒
5,词语,招惹
5,词语,侵略
5,词语,入侵
5,词语,陷阱
5,词语,性质
5,词语,灌溉
5,词语,权柄
5,词语,山峦
5,词语,广泛
5,词语,景仰
5,词语,障碍
5,词语,路障
5,词语,实践
5,词语,作弊
5,词语,抄袭
5,词语,瞒骗
5,词语,徒然
5,词语,师徒
5,词语,吃亏
5,词语,诱惑
5,词语,迷惑
5,词语,普通
5,词语,普遍
5,词语,忠诚
5,词语,忠心
5,词语,弹出
5,词语,子弹
5,词语,眼眶
5,词语,情绪
5,词语,柱子
5,词语,水坝
5,词语,狂泻
5,词语,发狂
5,词语,彻底
5,词语,放弃
5,词语,嫌弃
5,词语,绷带
5,词语,漠视
5,词语,冷漠
5,词语,震撼
5,词语,肿胀
5,词语,项链
5,词语,救济
5,词语,边缘
5,词语,辨别
5,词语,分辨
5,词语,逊色
5,词语,彼此
5,词语,酬劳
5,词语,酬谢
5,词语,辜负
5,词语,无辜
5,词语,腻味
5,词语,咳嗽
5,词语,碧绿
5,词语,电线
5,词语,竟然
5,词语,摔倒
5,词语,捣蛋
5,词语,捣乱
5,词语,躺卧
5,词语,卧床
5,词语,搏斗
5,词语,扫帚
5,词语,灿烂
5,词语,红霞
5,词语,古堡
5,词语,城堡
5,词语,坍塌
5,词语,一栋
5,词语,砖墙
5,词语,砖块
5,词语,晓得
5,词语,切勿
5,词语,泄气
5,词语,勃发
5,词语,脱俗
5,词语,蓬勃
5,词语,增添
5,词语,脾气
5,词语,沾边
5,词语,糟透
5,词语,透明
5,词语,邀请
5,词语,敏锐
5,词语,对策
5,词语,花苞
5,词语,黎明
5,词语,错综
5,词语,踩踏
5,词语,花瓣
5,词语,糯米
5,词语,长江
5,词语,抒情
5,词语,抒发
5,词语,矛盾
5,词语,凭吊
5,词语,米粥
5,词语,驱蚊
5,词语,一盏
5,词语,一脉
5,词语,宽敞
5,词语,敞开
5,词语,聋哑
5,词语,耳聋
5,词语,笛声
5,词语,缓缓
5,词语,键盘
5,词语,茫然
5,词语,灵魂
5,词语,萌芽
5,词语,朝向
5,词语,拥堵
5,词语,嗓子
5,词语,讥笑
5,词语,特殊
5,词语,圆润
5,词语,3.	摧折
5,词语,4.	摧毁
5,词语,5.	垂钓
4,词语,迅速
4,词语,递给
4,词语,搬迁
4,词语,沟通
4,词语,艰苦
4,词语,企业
4,词语,奋斗
4,词语,喜悦
4,词语,艺术
4,词语,仿佛
4,词语,拒绝
4,词语,协会
4,词语,遭遇
4,词语,拥戴
4,词语,磨练
4,词语,焦急
4,词语,远离
4,词语,品尝
4,词语,似乎
4,词语,仁慈
4,词语,严厉
4,词语,滋味
4,词语,漂泊
4,词语,恒久
4,词语,鼓励
4,词语,期盼
4,词语,仓库
4,词语,感叹
4,词语,忙碌
4,词语,腐败
4,词语,掀起
4,词语,城镇
4,词语,报效
4,词语,拯救
4,词语,立誓
4,词语,既然
4,词语,经历
4,词语,基于
4,词语,高尚
4,词语,事迹
4,词语,描述
4,词语,讲述
4,词语,平均
4,词语,恐惧
4,词语,筹集
4,词语,设计
4,词语,款项
4,词语,蚊帐
4,词语,捐献
4,词语,翠绿
4,词语,矮丛
4,词语,钻石
4,词语,弱小
4,词语,激愤
4,词语,甚至
4,词语,额头
4,词语,催促
4,词语,领悟
4,词语,传统
4,词语,陌生
4,词语,遥远
4,词语,纠正
4,词语,错误
4,词语,基础
4,词语,敏捷
4,词语,训练
4,词语,打搅
4,词语,算式
4,词语,复杂
4,词语,欲望
4,词语,惊喜
4,词语,深造
4,词语,联络
4,词语,教授
4,词语,索性
4,词语,破例
4,词语,似乎
4,词语,挫败
4,词语,激起
4,词语,斗志
4,词语,内疚
4,词语,通宵
4,词语,圆规
4,词语,夹着
4,词语,嘱咐
4,词语,循环
4,词语,稀释
4,词语,证明
4,词语,购物
4,词语,提醒
4,词语,扫描
4,词语,浓缩
4,词语,促销
4,词语,赞扬
4,词语,甩开
4,词语,赤红
4,词语,委屈
4,词语,河畔
4,词语,捷径
4,词语,沿着
4,词语,犹豫
4,词语,掉落
4,词语,着急
4,词语,商量
4,词语,其余
4,词语,紧握
4,词语,亲热
4,词语,不仅
4,词语,霸道
4,词语,体验
4,词语,共享
4,词语,夺走
4,词语,抗议
4,词语,无私
4,词语,新奇
4,词语,趁机
4,词语,筷子
4,词语,满足
4,词语,毫无
4,词语,抵挡
4,词语,安静
4,词语,勉强
4,词语,攻势
4,词语,假装
4,词语,门缝
4,词语,轿车
4,词语,投诉
4,词语,关系
4,词语,妨碍
4,词语,接受
4,词语,叮咛
4,词语,窄小
4,词语,拜托
4,词语,治疗
4,词语,抱怨
4,词语,愧疚
4,词语,暮色
4,词语,体谅
4,词语,盘旋
4,词语,宁静
4,词语,卑微
4,词语,旋风
4,词语,飞溅
4,词语,岩壁
4,词语,苔藓
4,词语,树梢
4,词语,停歇
4,词语,躯干
4,词语,沼泽
4,词语,河川
4,词语,铲除
4,词语,厉害
4,词语,苍白
4,词语,诉苦
4,词语,温驯
4,词语,降临
4,词语,眺望
4,词语,灾难
4,词语,地盘
4,词语,危险
4,词语,仅存
4,词语,水源
4,词语,期盼
4,词语,欣慰
4,词语,复活
4,词语,实验
4,词语,革命
4,词语,留意
4,词语,兴趣
4,词语,验证
4,词语,启发
4,词语,先驱
4,词语,吊灯
4,词语,毕生
4,词语,融汇
4,词语,研制
4,词语,仪器
4,词语,精细
4,词语,影响
4,词语,担任
4,词语,聚集
4,词语,研究
4,词语,斜塔
4,词语,无聊
4,词语,坚持
4,词语,坠落
4,词语,讶异
4,词语,请教
4,词语,判断
4,词语,落地
4,词语,想象
4,词语,证据
4,词语,榜样
4,词语,火患
4,词语,匕首
4,词语,口琴
4,词语,笑话
4,词语,吸引
4,词语,侄儿
4,词语,驱逐
4,词语,勉强
4,词语,甚至
4,词语,拖累
4,词语,身世
4,词语,苦恼
4,词语,羞怯
4,词语,表演
4,词语,疲累
4,词语,捧着
4,词语,宠物
4,词语,遗憾
4,词语,鱼缸
4,词语,溪边
4,词语,捞起
4,词语,铺满
4,词语,露出
4,词语,欢迎
4,词语,担心
4,词语,简陋
4,词语,咽下
4,词语,塑料
4,词语,飞翔
4,词语,哭泣
4,词语,反映
4,词语,尸体
4,词语,墨鱼
4,词语,海豚
4,词语,应约
4,词语,感叹
4,词语,身体
4,词语,漂浮
4,词语,慈祥
4,反义词,输=赢
4,反义词,拒绝=接受
4,反义词,严肃=随和
4,反义词,荣誉=耻辱
4,同义词,高兴=快乐
4,同义词,仿佛=好像
4,同义词,拥戴=爱戴
4,同义词,磨练=锻炼
4,同义词,描述=描写
4,同义词,恐惧=畏惧
4,同义词,严肃=严厉
4,同义词,妨碍=阻碍
4,同义词,抱怨=埋怨
4,成语,一五一十
4,成语,一言一行
4,成语,三三两两
4,成语,兴高采烈
4,成语,张牙舞爪
4,成语,洪水猛兽
4,成语,疑难杂症
4,成语,锋芒毕露
4,成语,谈笑风生
4,成语,名列前茅
4,成语,肝胆相照
4,成语,民不聊生
4,成语,高大威猛
4,成语,冲锋陷阵
4,成语,悲痛欲绝
4,成语,来势汹汹
4,成语,轻而易举
4,成语,聪明伶俐
4,成语,端端正正
4,成语,大吃一惊
4,成语,大为震惊
4,成语,破烂不堪
4,成语,绞尽脑汁
4,成语,毫无进展
4,成语,彻夜不眠
4,成语,不折不扣
4,成语,六神无主
4,成语,出乎意料
4,成语,好言相劝
4,成语,倾盆大雨
4,成语,寸步难移
4,成语,小心翼翼
4,成语,无所不能
4,成语,悠然自得
4,成语,了无生气
4,成语,寂寂无闻
4,成语,大饱眼福
4,成语,嬉皮笑脸
4,成语,千千万万
4,成语,打成一片
4,成语,古往今来
4,成语,夺眶而出
4,成语,略胜一筹
4,成语,趾高气扬
4,成语,众目睽睽
4,成语,高谈阔论
4,成语,勾肩搭背
4,成语,有说有笑
4,成语,大名鼎鼎
4,成语,一朝一夕
4,成语,志同道合
4,成语,冲锋陷阵
4,成语,记忆犹新
4,成语,一窝蜂
4,成语,不分彼此
4,成语,宽大为怀
4,成语,狼狈不堪
4,成语,川流不息
4,成语,停滞不前
4,成语,开路先锋
4,成语,日复一日
4,成语,生机勃勃
4,成语,探头探脑
4,成语,不以为然
4,成语,满腹狐疑
4,成语,融会贯通
4,成语,嬉皮笑脸
4,成语,念念有词
4,成语,雨后春笋
4,成语,层出不穷
4,成语,各行各业
4,成语,拭目以待
4,成语,振奋人心
4,成语,名副其实
4,成语,朴实无华
4,成语,讨价还价
4,成语,各种各样
4,成语,金碧辉煌
4,成语,妻离子散
4,成语,苦不堪言
4,成语,将信将疑
4,成语,战战兢兢
4,成语,声嘶力竭
4,成语,大摇大摆
4,成语,异口同声
4,成语,信以为真
4,成语,欢天喜地
4,成语,聚精会神
4,成语,破铜烂铁
4,成语,独一无二
4,成语,七七八八
4,成语,光辉灿烂
4,成语,一览无遗
4,成语,婀娜多姿
4,成语,天真烂漫
4,成语,肃然起敬
4,成语,别开生面
4,成语,前所未有
4,成语,气势磅礴
4,成语,万马奔腾
4,成语,白发苍苍
4,成语,健步如飞
4,成语,声如洪钟
4,成语,娓娓道来
4,成语,不辞劳苦
4,成语,发奋图强
4,成语,发扬光大
4,成语,人头攒动
4,成语,热血沸腾
4,成语,迫不及待
5,成语,一如既往
5,成语,屡败屡战
5,成语,风尘仆仆
5,成语,与众不同
5,成语,不可或缺
5,成语,大喜过望
5,成语,摇身一变
5,成语,不同凡响
5,成语,四面八方
5,成语,理直气壮
5,成语,异口同声
5,成语,同流合污
5,成语,寻寻觅觅
5,成语,凹凸不平
5,成语,无可奈何
5,成语,一塌糊涂
5,成语,救命稻草
5,成语,无济于事
5,成语,夺眶而出
5,成语,痴人说梦
5,成语,一片痴心
5,成语,过关斩将
5,成语,枯燥乏味
5,成语,不假思索
5,成语,垂头丧气
5,成语,大吃一惊
5,成语,无影无踪
5,成语,昼伏夜出
5,成语,三番四次
5,成语,暴跳如雷
5,成语,打抱不平
5,成语,昼伏夜出
5,成语,天朗气清
5,成语,开花结果
5,成语,无可奈何
5,成语,无计可施
5,成语,垂头丧气
5,成语,无影无踪
5,成语,风驰电掣
5,成语,摇摇欲坠
5,成语,大吃一惊
5,成语,口口声声
5,成语,二话不说
5,成语,不假思索
5,成语,过关斩将
5,成语,枯燥乏味
5,成语,喃喃自语
5,成语,痴人说梦
5,成语,志得意满
5,成语,迫不及待
5,成语,脚踏实地
5,成语,呱呱坠地
5,成语,荣华富贵
5,成语,立身处世
5,成语,生死存亡
5,成语,敬而远之
5,成语,瓢泼大雨
5,成语,七上八下
5,成语,如坐针毡
5,成语,言出必行
5,成语,大失所望
5,成语,英雄豪杰
5,成语,孤立无援
5,成语,夺眶而出
5,成语,一败涂地
5,成语,舟车劳顿
5,成语,救命稻草
5,成语,不知所措
5,成语,悲从中来
5,成语,牙牙学语
5,成语,无济于事
5,成语,手舞足蹈
5,成语,天旋地转
5,成语,五颜六色
5,成语,如释重负
5,成语,有气没力
5,成语,一塌糊涂
5,成语,晴天霹雳
5,成语,如愿以偿
5,成语,奇花异草
5,成语,想方设法
5,成语,心力交瘁
5,成语,歪歪斜斜
5,成语,粉身碎骨
5,成语,夷为平地
5,成语,黯然神伤
5,成语,春意盎然
5,成语,津津乐道
5,成语,朝气蓬勃
5,成语,饥肠辘辘
5,成语,垂涎欲滴
5,成语,三天两头
5,成语,毛遂自荐
5,成语,灰头土脸
5,成语,枝繁叶茂
5,成语,目光炯炯
5,成语,蛛丝马迹
5,成语,寻寻觅觅
5,成语,风风火火
5,成语,凹凸不平
5,成语,冲口而出
5,成语,默不作声
5,成语,娓娓道来
5,成语,不可思议
5,成语,真相大白
5,成语,四通八达
5,成语,一无所获
5,成语,百口莫辩
5,成语,千军万马
5,成语,万众一心
5,成语,忧国忧民
5,成语,同流合污
5,成语,至死不渝
5,成语,调虎离山
5,成语,首屈一指
5,成语,稳操胜券
5,成语,伤痕累累
5,成语,万众瞩目
5,成语,微不足道
5,成语,待人接物
5,成语,张灯结彩
5,成语,熙来攘往
5,成语,落地生根
5,成语,欣欣向荣
5,成语,滔滔不绝
5,成语,人去楼空
5,成语,喃喃自语
5,成语,相得益彰
5,同义词,悬浮=漂浮
5,同义词,嘲笑=讥笑
5,同义词,烦躁=焦躁
5,同义词,惊扰=打搅
5,同义词,赢=胜
5,同义词,避免=防止
5,同义词,掠夺=抢掠
5,同义词,罕见=稀有
5,同义词,典型=榜样
5,同义词,祈祷=请求
5,同义词,聚居=群居
5,同义词,竞争=角逐
5,同义词,恰巧=碰巧
5,同义词,松弛=松懈
5,同义词,肆意=随意
5,同义词,虚构=虚拟
5,同义词,根据=依照
5,同义词,枉费=白费
5,反义词,寒冷=炎热
5,反义词,嘲笑=赞美
5,反义词,烦躁=平静
5,反义词,晃动=静止
5,反义词,沉稳=轻佻
5,反义词,掠夺=赐予
5,反义词,罕见=常见
5,反义词,聚居=独居
5,反义词,恢复=断绝
5,反义词,售卖=购买
5,反义词,核心=边缘
5,反义词,松弛=紧张
5,反义词,虚拟=真实
5,反义词,浩瀚=渺小
